lat,long,city,name,link,channel,publish_time,id,statistics.viewCount,statistics.likeCount
48.71167,44.51389,–í–æ–ª–≥–æ–≥—Ä–∞–¥,–ú–∞–∫–°–∞–ª–∞—Ç –®–µ–π–∫–µ—Ä (2000-2003 –≥–≥),https://www.youtube.com/watch?v=g579aU2EHQM,albert_cancook,2021-11-11T14:00:30Z,g579aU2EHQM,3622223,185881
51.67167,39.21056,–í–æ—Ä–æ–Ω–µ–∂,–û–±–∑–æ—Ä —Å–æ—Ä—Ç–æ–≤ –±–æ–ª–≥–∞—Ä—Å–∫–æ–≥–æ –ø–µ—Ä—Ü–∞. –ü–µ—Ä–≤–∞—è —Å–µ—Ä–∏—è.,https://www.youtube.com/watch?v=7hkr4SWwgkg,–î–∞—á–Ω–∞—è –Ø—Ä–º–∞—Ä–∫–∞,2021-01-07T07:37:42Z,7hkr4SWwgkg,199464,3450
56.83333,60.58333,–ï–∫–∞—Ç–µ—Ä–∏–Ω–±—É—Ä–≥,–¢–ï–°–¢–û –î–õ–Ø –ü–ò–¶–¶–´. –ü—Ä–∞–≤–∏–ª—å–Ω–æ–µ –¥—Ä–æ–∂–∂–µ–≤–æ–µ —Ç–µ—Å—Ç–æ –¥–ª—è –ø–∏—Ü—Ü—ã,https://www.youtube.com/watch?v=b5bou0B62LQ,–¢–ê–ö –í–ö–£–°–ù–û!,2019-03-21T15:28:52Z,b5bou0B62LQ,1107307,20545
55.79083,49.11444,–ö–∞–∑–∞–Ω—å,–¢–∞—Ä –¢–∞—Ä –ü–∞–Ω–∏–Ω–∏,https://www.youtube.com/watch?v=D_s6K2zjD0s,albert_cancook,2021-12-19T14:00:03Z,D_s6K2zjD0s,6356659,296095
45.03333,38.98333,–ö—Ä–∞—Å–Ω–æ–¥–∞—Ä,Shake Shack Burger / –§–∞—Å—Ç–§—É–¥ –°–µ—Ç—å –≤ –°–®–ê,https://www.youtube.com/watch?v=tw7uO8Z0ifo,albert_cancook,2022-02-16T17:20:44Z,tw7uO8Z0ifo,26652052,942425
56.012083,92.871295,–ö—Ä–∞—Å–Ω–æ—è—Ä—Å–∫,–õ–£–ß–®–ò–ô —Ä–µ—Ü–µ–ø—Ç –¥–æ–º–∞—à–Ω–µ–≥–æ –ù–∞–ø–æ–ª–µ–æ–Ω–∞üëå,https://www.youtube.com/watch?v=kV35qKdA4_s,–ß–∏—Ç–º–∏–ª,2022-05-05T13:00:49Z,kV35qKdA4_s,4782257,230506
55.75583,37.61778,–ú–æ—Å–∫–≤–∞,–ß–∏—Ç–æ—Å –∫—Ä—ã–ª—å—è –∏ —Å–æ—É—Å –∏–∑ –ß–∏–∫-–§–∏–ª-–ê / Cosmic Wings and Chik-Fil-A sauce,https://www.youtube.com/watch?v=SgOgCs3LYbQ,albert_cancook,2021-07-28T13:00:23Z,SgOgCs3LYbQ,84010122,1853734
56.32694,44.0075,–ù–∏–∂–Ω–∏–π –ù–æ–≤–≥–æ—Ä–æ–¥,–®–û–ö–û–õ–ê–î–ù–´–ô –ú–ê–ù–ù–ò–ö –≤–∫—É—Å–Ω–µ–π—à–∏–π –∏ –ø—Ä–æ—Å—Ç–µ–π—à–∏–π –ü–û–°–¢–ù–´–ô –ü–ò–†–û–ì,https://www.youtube.com/watch?v=wcISr1E29jc,–ò—Ä–∏–Ω–∞ –í–æ—Å–∫—Ä–µ—Å–µ–Ω—Å–∫–∞—è,2019-04-17T20:16:35Z,wcISr1E29jc,1205724,44667
55.01667,82.91667,–ù–æ–≤–æ—Å–∏–±–∏—Ä—Å–∫,–ú–∞–∫–∞—Ä–æ–Ω—ã —Å –≤—è–ª–µ–Ω—ã–º–∏ —Ç–æ–º–∞—Ç–∞–º–∏,https://www.youtube.com/watch?v=skgiiwbxcyA,albert_cancook,2021-04-02T13:00:32Z,skgiiwbxcyA,580276,26247
54.96667,73.38333,–û–º—Å–∫,–¢–∞–∫–æ –¥–µ –ë–∏—Ä—Ä–∏—è (—Å –≥–æ–≤—è–∂—å–∏–º–∏ —â–µ—á–∫–∞–º–∏),https://www.youtube.com/watch?v=SuWhwiP6XAA,albert_cancook,2021-05-02T13:00:22Z,SuWhwiP6XAA,141158,6591
58.01389,56.24889,–ü–µ—Ä–º—å,–ù–∞—Å—Ç–æ–π–∫–∞ –∏–∑ –¢–µ—Ä–Ω–∞ - –†–µ—Ü–µ–ø—Ç –í–∫—É—Å–Ω–æ–π –ù–∞—Å—Ç–æ–π–∫–∏ –∫ –ü—Ä–∞–∑–¥–Ω–∏—á–Ω–æ–º—É –°—Ç–æ–ª—É,https://www.youtube.com/watch?v=O2g6dfWrZXE,–ü—Ä–æ—Å—Ç–∞—è –ö—É—Ö–Ω—è –î–ª—è –í–∞—Å,2020-12-28T10:51:52Z,O2g6dfWrZXE,25334,394
47.24056,39.71056,–†–æ—Å—Ç–æ–≤-–Ω–∞-–î–æ–Ω—É,–ë–ê–õ–´–ö –∏–∑ –°–ê–ó–ê–ù–ê. –í—ã–ø—É—Å–∫ ‚Ññ363,https://www.youtube.com/watch?v=0U4_F1m2bcA,Andrey Rostovskiy,2018-04-29T20:25:24Z,0U4_F1m2bcA,2822273,42842
53.18333,50.11667,–°–∞–º–∞—Ä–∞,–°—ã—Ä –Ω–∞ –∫–µ—Ñ–∏—Ä–µ –º–∞–ª–æ–π –∂–∏—Ä–Ω–æ—Å—Ç–∏. –û—Ç–≤–µ—Ç—ã –Ω–∞ –≤–∞—à–∏  –≤–æ–ø—Ä–æ—Å—ã.,https://www.youtube.com/watch?v=Qe70JIiTc3E,–í–∫—É—Å–Ω–æ —Å –õ—é–±–æ–≤—å—é.,2019-09-06T05:18:14Z,Qe70JIiTc3E,2604188,63434
59.95,30.31667,–°–∞–Ω–∫—Ç-–ü–µ—Ç–µ—Ä–±—É—Ä–≥,–ú–µ–¥–æ–≤–æ-–ì–æ—Ä—á–∏—á–Ω—ã–π –°–æ—É—Å,https://www.youtube.com/watch?v=6CXwzQx-Uew,albert_cancook,2021-10-29T13:00:06Z,6CXwzQx-Uew,3453705,185294
54.73333,55.96667,–£—Ñ–∞,–û—Ä–µ–æ,https://www.youtube.com/watch?v=rxiPq0L2ze0,albert_cancook,2021-07-06T13:00:31Z,rxiPq0L2ze0,170769,12786
55.15,61.4,–ß–µ–ª—è–±–∏–Ω—Å–∫,–ü–µ—Ä—Ü–æ–≤–∫–∞,https://www.youtube.com/watch?v=gBd4nodI7oQ,albert_cancook,2021-06-19T16:00:20Z,gBd4nodI7oQ,35219674,761232
